z_um,cfw_geom5_exp_1_um,cfw_geom5_exp_2_um,cfw_geom5_exp_4_um,cfw_geom5_exp_8_um,cfw_geom5_exp_16_um,cfw_geom10_exp_1_um,cfw_geom10_exp_2_um,cfw_geom10_exp_4_um,cfw_geom10_exp_8_um,cfw_geom10_exp_16_um,cfw_geom16_exp_1_um,cfw_geom16_exp_2_um,cfw_geom16_exp_4_um,cfw_geom16_exp_8_um,cfw_geom16_exp_16_um,cfw_geom20_exp_1_um,cfw_geom20_exp_2_um,cfw_geom20_exp_4_um,cfw_geom20_exp_8_um,cfw_geom20_exp_16_um,cfw_geom24_exp_1_um,cfw_geom24_exp_2_um,cfw_geom24_exp_4_um,cfw_geom24_exp_8_um,cfw_geom24_exp_16_um,cfw_geom28_exp_1_um,cfw_geom28_exp_2_um,cfw_geom28_exp_4_um,cfw_geom28_exp_8_um,cfw_geom28_exp_16_um,cfw_geom32_exp_1_um,cfw_geom32_exp_2_um,cfw_geom32_exp_4_um,cfw_geom32_exp_8_um,cfw_geom32_exp_16_um,cfw_geom36_exp_1_um,cfw_geom36_exp_2_um,cfw_geom36_exp_4_um,cfw_geom36_exp_8_um,cfw_geom36_exp_16_um,cfw_geom40_exp_1_um,cfw_geom40_exp_2_um,cfw_geom40_exp_4_um,cfw_geom40_exp_8_um,cfw_geom40_exp_16_um
-700.0,0,0,0,32,26,0,0,0,27,28,0,0,0,28,27,0,0,0,28,27,0,0,0,28,27,0,0,0,28,27,0,0,0,28,27,0,0,0,28,27,0,0,0,28,27
-690.0,0,0,0,32,26,0,0,0,27,28,0,0,0,28,27,0,0,0,28,27,0,0,0,28,27,0,0,0,28,27,0,0,0,28,27,0,0,0,28,27,0,0,0,28,27
-680.0,0,0,0,32,26,0,0,0,27,27,0,0,0,28,27,0,0,0,28,27,0,0,0,28,27,0,0,0,28,27,0,0,0,28,27,0,0,0,27,27,0,0,0,27,27
-670.0,0,0,1,31,27,0,0,0,26,27,0,0,0,27,26,0,0,0,27,27,0,0,0,28,26,0,0,0,28,26,0,0,0,27,27,0,0,0,27,26,0,0,0,27,26
-660.0,0,0,2,30,27,0,0,0,25,26,0,0,0,26,26,0,0,0,27,27,0,0,0,27,26,0,0,0,26,26,0,0,0,26,26,0,0,0,26,26,0,0,0,27,26
-650.0,0,0,5,29,27,0,0,2,25,26,0,0,2,26,26,0,0,2,26,26,0,0,1,26,26,0,0,1,26,26,0,0,0,26,26,0,0,0,26,26,0,0,0,26,26
-640.0,0,0,7,28,27,0,0,5,25,26,0,0,3,26,26,0,0,3,26,26,0,0,4,26,26,0,0,4,26,26,0,0,4,26,26,0,0,4,26,26,0,0,4,26,26
-630.0,0,0,8,28,27,0,0,6,25,26,0,0,7,26,26,0,0,7,26,25,0,0,6,26,26,0,0,6,26,26,0,0,6,26,26,0,0,5,26,26,0,0,6,26,26
-620.0,0,0,14,27,27,0,0,8,25,25,0,0,8,25,25,0,0,8,25,25,0,0,9,26,26,0,0,9,26,25,0,0,8,26,25,0,0,8,26,25,0,0,8,26,25
-610.0,0,0,14,27,26,0,0,9,25,25,0,0,9,25,25,0,0,9,25,25,0,0,9,25,25,0,0,10,25,25,0,0,10,25,25,0,0,9,25,25,0,0,9,25,25
-600.0,0,0,14,26,26,0,0,9,26,25,0,0,12,25,25,0,0,11,25,25,0,0,11,25,25,0,0,11,26,25,0,0,11,25,25,0,0,11,25,25,0,0,11,26,25
-590.0,0,0,14,26,26,0,0,11,26,25,0,0,12,26,25,0,0,12,25,25,0,0,12,26,25,0,0,12,26,25,0,0,12,26,25,0,0,12,26,25,0,0,12,26,25
-580.0,0,0,15,25,26,0,0,11,26,25,0,0,12,26,25,0,0,12,26,25,0,0,13,26,25,0,0,13,26,25,0,0,13,26,25,0,0,13,26,25,0,0,13,26,25
-570.0,0,0,15,25,26,0,0,14,26,25,0,0,14,26,25,0,0,14,26,25,0,0,14,26,25,0,0,14,26,25,0,0,14,26,25,0,0,14,26,25,0,0,14,26,25
-560.0,0,0,15,24,26,0,0,14,26,25,0,0,15,25,25,0,0,15,25,25,0,0,15,26,25,0,0,14,26,25,0,0,14,25,25,0,0,14,25,25,0,0,15,25,25
-550.0,0,0,16,24,25,0,0,16,26,24,0,0,15,25,25,0,0,15,25,25,0,0,15,25,25,0,0,15,25,25,0,0,15,25,25,0,0,15,25,25,0,0,15,25,25
-540.0,0,0,16,24,25,0,0,18,26,24,0,0,15,25,25,0,0,17,25,25,0,0,17,25,25,0,0,16,25,24,0,0,16,25,24,0,0,16,25,24,0,0,16,25,24
-530.0,0,0,16,24,25,0,0,18,25,24,0,0,17,26,24,0,0,17,26,24,0,0,17,25,24,0,0,17,25,24,0,0,17,25,24,0,0,17,25,24,0,0,16,25,24
-520.0,0,0,17,24,25,0,0,18,25,24,0,0,17,26,24,0,0,17,26,24,0,0,17,26,24,0,0,17,26,24,0,0,17,26,24,0,0,17,26,24,0,0,17,26,24
-510.0,0,0,16,24,25,0,0,18,25,24,0,0,17,25,24,0,0,17,25,24,0,0,17,25,24,0,0,17,25,24,0,0,17,25,24,0,0,17,25,24,0,0,17,26,24
-500.0,0,0,16,24,25,0,0,19,26,24,0,0,18,25,24,0,0,17,25,24,0,0,17,25,24,0,0,17,25,24,0,0,17,25,24,0,0,18,25,24,0,0,18,25,24
-490.0,0,0,16,23,24,0,0,18,25,24,0,0,18,25,24,0,0,19,25,24,0,0,19,25,24,0,0,19,25,24,0,0,18,25,24,0,0,18,25,24,0,0,18,25,24
-480.0,0,0,18,23,24,0,0,18,25,23,0,0,19,25,24,0,0,19,25,23,0,0,19,25,23,0,0,19,25,23,0,0,19,25,23,0,0,19,25,23,0,0,19,25,24
-470.0,0,0,18,23,24,0,0,18,25,23,0,0,19,25,23,0,0,19,25,23,0,0,19,25,23,0,0,19,25,23,0,0,19,25,23,0,0,19,25,23,0,0,19,25,23
-460.0,0,0,19,23,24,0,0,19,24,24,0,0,20,25,23,0,0,20,25,23,0,0,20,25,23,0,0,20,25,23,0,0,20,25,23,0,0,20,25,23,0,0,20,25,23
-450.0,0,0,19,23,23,0,0,20,24,24,0,0,20,24,24,0,0,20,25,24,0,0,20,24,24,0,0,20,24,24,0,0,20,24,24,0,0,20,25,24,0,0,20,24,24
-440.0,0,0,19,24,23,0,0,20,25,24,0,0,20,25,23,0,0,20,24,23,0,0,20,25,23,0,0,20,24,23,0,0,20,24,23,0,0,20,24,23,0,0,20,25,23
-430.0,0,0,20,24,22,0,0,21,25,23,0,0,21,25,23,0,0,21,25,23,0,0,21,25,23,0,0,21,25,23,0,0,21,25,23,0,0,21,25,23,0,0,21,25,23
-420.0,0,0,20,23,22,0,0,21,25,23,0,0,21,25,23,0,0,21,25,23,0,0,21,25,23,0,0,21,25,23,0,0,21,25,23,0,0,21,25,23,0,0,21,25,23
-410.0,0,0,22,23,21,0,0,22,25,23,0,0,21,25,22,0,0,21,24,22,0,0,21,24,22,0,0,21,24,22,0,0,21,25,22,0,0,21,24,22,0,0,21,24,22
-400.0,0,0,22,24,21,0,0,22,25,22,0,0,21,24,23,0,0,21,25,23,0,0,21,25,22,0,0,21,25,22,0,0,21,25,22,0,0,21,25,22,0,0,21,24,22
-390.0,0,0,22,24,21,0,0,23,25,23,0,0,22,25,23,0,0,22,25,23,0,0,22,25,23,0,0,22,25,23,0,0,22,25,23,0,0,22,25,23,0,0,22,25,23
-380.0,0,0,23,24,20,0,0,22,24,22,0,0,22,24,22,0,0,22,24,22,0,0,22,24,22,0,0,22,25,22,0,0,22,25,22,0,0,22,24,22,0,0,22,24,22
-370.0,0,0,24,25,20,0,0,22,24,22,0,0,22,24,22,0,0,22,24,22,0,0,22,24,22,0,0,22,24,22,0,0,22,24,22,0,0,22,24,22,0,0,22,24,22
-360.0,0,0,25,24,21,0,0,23,25,21,0,0,23,25,21,0,0,23,25,21,0,0,23,24,21,0,0,23,24,22,0,0,23,25,21,0,0,23,25,21,0,0,23,25,21
-350.0,0,0,26,25,21,0,0,23,24,22,0,0,23,25,22,0,0,23,24,22,0,0,23,24,22,0,0,23,24,22,0,0,23,24,22,0,0,23,24,22,0,0,23,24,22
-340.0,0,0,25,24,20,0,0,23,24,21,0,0,22,24,21,0,0,22,24,21,0,0,23,24,21,0,0,23,24,21,0,0,24,24,21,0,0,23,24,21,0,0,23,24,21
-330.0,0,0,26,23,20,0,0,23,23,22,0,0,23,23,21,0,0,23,24,21,0,0,23,24,21,0,0,23,23,21,0,0,23,24,21,0,0,23,23,21,0,0,23,24,21
-320.0,0,0,25,24,20,0,0,24,24,21,0,0,23,24,21,0,0,24,24,21,0,0,23,24,21,0,0,23,24,21,0,0,23,24,21,0,0,23,24,21,0,0,23,24,21
-310.0,0,0,24,23,20,0,0,23,23,20,0,0,23,23,21,0,0,24,23,21,0,0,24,23,21,0,0,24,23,21,0,0,23,23,21,0,0,24,23,21,0,0,24,23,21
-300.0,0,0,25,23,21,0,0,24,24,20,0,0,23,22,21,0,0,23,23,21,0,0,23,23,20,0,0,23,23,21,0,0,23,24,20,0,0,23,24,20,0,0,23,24,21
-290.0,0,0,24,24,20,0,0,24,23,20,0,0,24,23,21,0,0,24,23,21,0,0,24,23,20,0,0,24,23,21,0,0,24,23,21,0,0,24,23,21,0,0,24,23,21
-280.0,0,0,23,23,20,0,0,24,23,20,0,0,23,23,20,0,0,23,23,21,0,0,23,24,20,0,0,23,23,20,0,0,23,23,20,0,0,23,23,20,0,0,23,23,20
-270.0,0,0,23,22,21,0,0,24,22,20,0,0,24,23,21,0,0,24,23,20,0,0,24,23,20,0,0,24,23,20,0,0,24,23,20,0,0,24,23,20,0,0,24,23,20
-260.0,0,0,22,23,20,0,0,23,23,20,0,0,23,23,20,0,0,23,23,19,0,0,23,23,20,0,0,23,23,20,0,0,23,23,20,0,0,23,23,20,0,0,23,23,20
-250.0,0,0,20,22,21,0,0,23,23,19,0,0,23,22,20,0,0,24,22,20,0,0,24,22,20,0,0,24,22,20,0,0,24,22,20,0,0,24,22,20,0,0,24,22,20
-240.0,0,0,20,21,21,0,0,22,22,20,0,0,23,22,19,0,0,23,22,19,0,0,23,22,19,0,0,23,22,19,0,0,23,22,19,0,0,23,22,19,0,0,23,22,19
-230.0,0,0,20,22,21,0,0,22,22,20,0,0,23,21,19,0,0,23,21,19,0,0,23,22,19,0,0,23,22,20,0,0,23,22,20,0,0,23,22,20,0,0,23,22,19
-220.0,0,0,20,22,21,0,0,23,21,19,0,0,22,22,19,0,0,23,22,19,0,0,22,22,19,0,0,22,22,19,0,0,23,22,19,0,0,22,22,19,0,0,23,22,19
-210.0,0,0,20,23,20,0,0,23,22,19,0,0,22,21,19,0,0,23,21,19,0,0,22,21,19,0,0,22,21,19,0,0,23,21,19,0,0,23,21,19,0,0,23,21,19
-200.0,0,0,20,22,20,0,0,22,21,19,0,0,22,21,18,0,0,22,21,19,0,0,23,21,18,0,0,23,21,18,0,0,22,21,18,0,0,22,21,18,0,0,22,21,18
-190.0,0,0,19,22,19,0,0,20,21,18,0,0,21,20,18,0,0,22,21,18,0,0,20,21,18,0,0,21,21,18,0,0,20,21,18,0,0,20,21,18,0,0,21,21,18
-180.0,0,0,19,22,19,0,0,20,20,19,0,0,19,20,19,0,0,19,20,18,0,0,19,20,19,0,0,20,20,18,0,0,20,20,19,0,0,19,20,18,0,0,19,20,18
-170.0,0,0,17,21,18,0,0,18,20,18,0,0,18,20,18,0,0,18,19,17,0,0,18,20,18,0,0,18,20,18,0,0,18,20,18,0,0,18,20,18,0,0,18,20,18
-160.0,0,0,16,20,18,0,0,16,19,17,0,0,16,19,18,0,0,17,19,17,0,0,16,19,18,0,0,16,19,18,0,0,17,19,18,0,0,16,19,18,0,0,15,19,18
-150.0,0,0,14,18,19,0,0,15,17,17,0,0,14,17,17,0,0,13,18,17,0,0,14,17,17,0,0,13,17,17,0,0,14,17,17,0,0,14,17,17,0,0,14,17,17
-140.0,0,0,11,16,17,0,0,13,16,17,0,0,11,16,16,0,0,12,16,16,0,0,11,16,16,0,0,12,16,16,0,0,11,16,16,0,0,12,16,16,0,0,11,16,16
-130.0,0,0,4,14,15,0,0,8,14,15,0,0,10,15,15,0,0,8,15,15,0,0,10,15,15,0,0,9,15,15,0,0,10,15,15,0,0,8,15,15,0,0,9,15,15
-120.0,0,0,0,13,13,0,0,3,12,14,0,0,4,14,14,0,0,3,13,13,0,0,4,13,14,0,0,4,13,14,0,0,6,14,14,0,0,5,14,14,0,0,4,14,14
-110.0,0,0,0,9,12,0,0,0,11,12,0,0,0,11,12,0,0,0,12,12,0,0,0,12,12,0,0,0,11,12,0,0,0,11,12,0,0,0,11,12,0,0,0,11,12
-100.0,0,0,0,7,11,0,0,0,10,12,0,0,0,9,11,0,0,0,9,11,0,0,0,9,12,0,0,0,9,11,0,0,0,9,11,0,0,0,9,10,0,0,0,9,11
-90.0,0,0,0,6,6,0,0,0,7,9,0,0,0,8,7,0,0,0,6,9,0,0,0,7,8,0,0,0,7,7,0,0,0,7,9,0,0,0,7,9,0,0,0,7,9
-80.0,0,0,0,5,2,0,0,0,6,6,0,0,0,5,5,0,0,0,5,5,0,0,0,5,5,0,0,0,5,5,0,0,0,5,5,0,0,0,5,5,0,0,0,5,5
-70.0,0,0,0,4,13,0,0,0,2,1,0,0,0,3,0,0,0,0,3,0,0,0,0,3,0,0,0,0,2,0,0,0,0,4,1,0,0,0,3,0,0,0,0,3,0
-60.0,0,0,0,4,8,0,0,0,0,7,0,0,0,0,5,0,0,0,0,5,0,0,0,0,5,0,0,0,0,4,0,0,0,0,4,0,0,0,0,4,0,0,0,0,5
-50.0,0,0,2,6,12,0,0,0,0,9,0,0,0,0,10,0,0,0,0,11,0,0,0,0,10,0,0,0,0,11,0,0,0,0,9,0,0,0,0,11,0,0,0,0,10
-40.0,0,0,0,5,16,0,0,0,0,14,0,0,0,0,13,0,0,0,0,14,0,0,0,0,14,0,0,0,0,14,0,0,0,0,13,0,0,0,0,14,0,0,0,0,14
-30.0,0,0,0,5,18,0,0,0,5,19,0,0,0,6,17,0,0,0,6,17,0,0,0,6,17,0,0,0,6,17,0,0,0,5,16,0,0,0,5,17,0,0,0,5,17
-20.0,0,0,0,3,20,0,0,0,10,21,0,0,0,10,19,0,0,0,9,19,0,0,0,9,19,0,0,0,9,19,0,0,0,9,19,0,0,0,9,19,0,0,0,9,19
-10.0,0,0,0,4,22,0,0,0,12,23,0,0,0,14,22,0,0,0,12,22,0,0,0,13,21,0,0,0,12,22,0,0,0,12,22,0,0,0,13,22,0,0,0,13,22
0.0,0,0,0,14,27,0,0,0,14,25,0,0,0,16,24,0,0,0,16,24,0,0,0,16,25,0,0,0,15,25,0,0,0,15,24,0,0,0,15,24,0,0,0,15,24
10.0,0,0,0,8,29,0,0,0,16,28,0,0,0,18,27,0,0,0,18,26,0,0,0,18,27,0,0,0,18,27,0,0,0,18,27,0,0,0,17,26,0,0,0,17,26
20.0,0,0,1,11,32,0,0,0,19,29,0,0,0,20,28,0,0,0,21,27,0,0,0,20,28,0,0,0,21,28,0,0,0,20,28,0,0,0,20,27,0,0,0,19,29
30.0,0,0,5,13,35,0,0,0,21,30,0,0,0,23,29,0,0,0,23,29,0,0,0,22,30,0,0,0,22,30,0,0,0,22,30,0,0,0,22,30,0,0,0,22,30
40.0,0,0,8,15,38,0,0,0,24,32,0,0,0,26,30,0,0,0,25,31,0,0,0,24,31,0,0,0,24,31,0,0,0,24,31,0,0,0,24,31,0,0,0,24,31
50.0,0,0,12,18,39,0,0,0,27,33,0,0,0,26,31,0,0,0,26,31,0,0,0,26,31,0,0,0,26,32,0,0,0,26,31,0,0,0,26,32,0,0,0,26,32
60.0,0,0,13,19,39,0,0,0,29,34,0,0,0,28,32,0,0,0,28,32,0,0,0,27,32,0,0,0,28,33,0,0,0,28,33,0,0,0,28,32,0,0,0,28,32
70.0,0,0,13,19,40,0,0,3,31,33,0,0,0,29,32,0,0,0,29,33,0,0,0,30,33,0,0,0,30,33,0,0,0,30,33,0,0,0,30,33,0,0,0,30,32
80.0,0,0,14,20,40,0,0,4,32,33,0,0,0,30,32,0,0,0,31,33,0,0,0,30,34,0,0,0,31,34,0,0,0,31,33,0,0,0,31,33,0,0,0,31,32
90.0,0,0,14,21,41,0,0,4,32,33,0,0,0,30,34,0,0,0,31,34,0,0,0,31,34,0,0,0,31,34,0,0,0,32,33,0,0,0,32,33,0,0,0,31,33
100.0,0,0,14,21,41,0,0,0,32,33,0,0,0,29,34,0,0,0,31,34,0,0,0,31,34,0,0,0,31,34,0,0,0,32,33,0,0,0,31,33,0,0,0,31,33
110.0,0,0,13,21,41,0,0,0,31,34,0,0,0,29,34,0,0,0,31,34,0,0,0,31,35,0,0,0,31,34,0,0,0,32,34,0,0,0,31,33,0,0,0,31,33
120.0,0,0,13,22,42,0,0,0,31,34,0,0,0,28,34,0,0,0,32,36,0,0,0,31,35,0,0,0,31,35,0,0,0,32,35,0,0,0,32,35,0,0,0,31,34
130.0,0,0,12,21,43,0,0,0,32,34,0,0,0,28,34,0,0,0,32,36,0,0,0,32,35,0,0,0,30,35,0,0,0,31,35,0,0,0,31,35,0,0,0,31,35
140.0,0,0,11,21,43,0,0,0,32,34,0,0,0,28,34,0,0,0,32,36,0,0,0,31,36,0,0,0,30,35,0,0,0,32,35,0,0,0,31,35,0,0,0,31,35
150.0,0,0,10,22,43,0,0,0,32,34,0,0,0,28,34,0,0,0,32,36,0,0,0,31,36,0,0,0,31,35,0,0,0,32,35,0,0,0,30,35,0,0,0,30,35
160.0,0,0,9,22,43,0,0,0,32,34,0,0,0,29,34,0,0,0,31,36,0,0,0,31,35,0,0,0,31,35,0,0,0,31,35,0,0,0,30,35,0,0,0,30,35
170.0,0,0,8,22,44,0,0,0,33,35,0,0,0,29,34,0,0,0,31,36,0,0,0,31,35,0,0,0,30,35,0,0,0,31,36,0,0,0,30,36,0,0,0,30,35
180.0,0,0,6,21,45,0,0,0,33,35,0,0,0,29,34,0,0,0,30,36,0,0,0,30,35,0,0,0,30,35,0,0,0,31,36,0,0,0,29,36,0,0,0,29,36
190.0,0,0,5,22,45,0,0,0,33,35,0,0,0,29,34,0,0,0,30,36,0,0,0,29,36,0,0,0,29,36,0,0,0,30,36,0,0,0,29,36,0,0,0,29,36
200.0,0,0,4,22,45,0,0,0,33,35,0,0,0,29,34,0,0,0,29,37,0,0,0,28,36,0,0,0,29,36,0,0,0,31,36,0,0,0,28,36,0,0,0,29,36
210.0,0,0,3,22,46,0,0,0,33,35,0,0,0,28,35,0,0,0,29,37,0,0,0,27,36,0,0,0,27,36,0,0,0,29,36,0,0,0,28,36,0,0,0,29,36
220.0,0,0,3,21,47,0,0,0,33,35,0,0,0,28,35,0,0,0,29,37,0,0,0,27,36,0,0,0,27,36,0,0,0,29,36,0,0,0,28,36,0,0,0,28,36
230.0,0,0,2,21,47,0,0,0,33,35,0,0,0,28,35,0,0,0,28,37,0,0,0,26,36,0,0,0,26,36,0,0,0,29,36,0,0,0,27,37,0,0,0,28,36
240.0,0,0,1,22,47,0,0,0,33,36,0,0,0,27,35,0,0,0,28,37,0,0,0,26,37,0,0,0,25,36,0,0,0,29,37,0,0,0,27,37,0,0,0,27,37
250.0,0,0,0,22,48,0,0,0,33,36,0,0,0,27,34,0,0,0,27,37,0,0,0,26,37,0,0,0,24,36,0,0,0,28,37,0,0,0,27,37,0,0,0,26,37
260.0,0,0,0,22,49,0,0,0,33,36,0,0,0,26,35,0,0,0,27,37,0,0,0,25,37,0,0,0,24,37,0,0,0,25,37,0,0,0,26,37,0,0,0,24,37
270.0,0,0,0,21,49,0,0,0,33,36,0,0,0,25,35,0,0,0,26,36,0,0,0,25,37,0,0,0,23,37,0,0,0,23,37,0,0,0,25,37,0,0,0,23,37
280.0,0,0,0,21,50,0,0,0,32,36,0,0,0,25,35,0,0,0,25,36,0,0,0,24,37,0,0,0,23,37,0,0,0,23,37,0,0,0,24,37,0,0,0,22,37
290.0,0,0,0,21,50,0,0,0,32,36,0,0,0,25,35,0,0,0,22,36,0,0,0,21,37,0,0,0,22,37,0,0,0,21,37,0,0,0,24,37,0,0,0,20,38
300.0,0,0,0,22,51,0,0,0,31,36,0,0,0,24,35,0,0,0,17,37,0,0,0,19,37,0,0,0,20,37,0,0,0,18,37,0,0,0,22,37,0,0,0,20,38
310.0,0,0,0,21,51,0,0,0,31,37,0,0,0,24,36,0,0,0,13,37,0,0,0,18,37,0,0,0,16,38,0,0,0,17,36,0,0,0,20,38,0,0,0,20,38
320.0,0,0,0,21,52,0,0,0,31,36,0,0,0,23,36,0,0,0,13,37,0,0,0,18,37,0,0,0,16,38,0,0,0,14,36,0,0,0,15,38,0,0,0,18,38
330.0,0,0,0,21,52,0,0,0,30,36,0,0,0,23,36,0,0,0,12,37,0,0,0,17,37,0,0,0,15,38,0,0,0,13,37,0,0,0,12,37,0,0,0,17,38
340.0,0,0,0,21,52,0,0,0,30,36,0,0,0,21,36,0,0,0,12,37,0,0,0,16,37,0,0,0,14,37,0,0,0,12,37,0,0,0,12,37,0,0,0,15,38
350.0,0,0,0,21,53,0,0,0,28,36,0,0,0,20,36,0,0,0,10,37,0,0,0,12,38,0,0,0,13,37,0,0,0,12,37,0,0,0,11,37,0,0,0,6,38
360.0,0,0,0,21,54,0,0,0,27,36,0,0,0,20,37,0,0,0,9,37,0,0,0,4,38,0,0,0,12,37,0,0,0,10,37,0,0,0,10,37,0,0,0,3,38
370.0,0,0,0,21,54,0,0,0,27,36,0,0,0,18,37,0,0,0,7,37,0,0,0,2,37,0,0,0,11,37,0,0,0,0,37,0,0,0,2,37,0,0,0,2,38
380.0,0,0,0,22,54,0,0,0,25,36,0,0,0,1,37,0,0,0,0,36,0,0,0,1,37,0,0,0,0,37,0,0,0,0,37,0,0,0,2,37,0,0,0,0,39
390.0,0,0,0,22,55,0,0,0,24,36,0,0,0,0,36,0,0,0,0,37,0,0,0,0,37,0,0,0,0,37,0,0,0,0,38,0,0,0,0,37,0,0,0,0,39
400.0,0,0,0,22,56,0,0,0,1,37,0,0,0,0,36,0,0,0,0,37,0,0,0,0,37,0,0,0,0,37,0,0,0,0,38,0,0,0,0,37,0,0,0,0,38
410.0,0,0,0,22,56,0,0,0,0,37,0,0,0,0,36,0,0,0,0,37,0,0,0,0,37,0,0,0,0,37,0,0,0,0,38,0,0,0,0,38,0,0,0,0,38
420.0,0,0,0,21,56,0,0,0,0,36,0,0,0,0,37,0,0,0,0,37,0,0,0,0,37,0,0,0,0,36,0,0,0,0,37,0,0,0,0,37,0,0,0,0,38
430.0,0,0,0,21,56,0,0,0,0,36,0,0,0,0,37,0,0,0,0,37,0,0,0,0,37,0,0,0,0,36,0,0,0,0,37,0,0,0,0,37,0,0,0,0,37
440.0,0,0,0,21,58,0,0,0,0,36,0,0,0,0,37,0,0,0,0,37,0,0,0,0,37,0,0,0,0,36,0,0,0,0,37,0,0,0,0,37,0,0,0,0,37
450.0,0,0,0,21,58,0,0,0,0,35,0,0,0,0,37,0,0,0,0,37,0,0,0,0,37,0,0,0,0,36,0,0,0,0,37,0,0,0,0,37,0,0,0,0,37
460.0,0,0,0,21,58,0,0,0,0,35,0,0,0,0,37,0,0,0,0,37,0,0,0,0,36,0,0,0,0,36,0,0,0,0,37,0,0,0,0,37,0,0,0,0,37
470.0,0,0,0,21,58,0,0,0,0,35,0,0,0,0,37,0,0,0,0,37,0,0,0,0,37,0,0,0,0,36,0,0,0,0,37,0,0,0,0,36,0,0,0,0,37
480.0,0,0,0,21,59,0,0,0,0,35,0,0,0,0,37,0,0,0,0,37,0,0,0,0,37,0,0,0,0,36,0,0,0,0,36,0,0,0,0,36,0,0,0,0,36
490.0,0,0,0,21,59,0,0,0,0,35,0,0,0,0,37,0,0,0,0,37,0,0,0,0,37,0,0,0,0,36,0,0,0,0,36,0,0,0,0,36,0,0,0,0,36
500.0,0,0,0,21,60,0,0,0,0,34,0,0,0,0,37,0,0,0,0,37,0,0,0,0,37,0,0,0,0,36,0,0,0,0,36,0,0,0,0,36,0,0,0,0,36
510.0,0,0,0,20,60,0,0,0,0,34,0,0,0,0,37,0,0,0,0,37,0,0,0,0,37,0,0,0,0,36,0,0,0,0,36,0,0,0,0,36,0,0,0,0,36
520.0,0,0,0,20,61,0,0,0,0,34,0,0,0,0,37,0,0,0,0,37,0,0,0,0,36,0,0,0,0,36,0,0,0,0,36,0,0,0,0,35,0,0,0,0,36
530.0,0,0,0,20,61,0,0,0,0,34,0,0,0,0,37,0,0,0,0,37,0,0,0,0,36,0,0,0,0,36,0,0,0,0,35,0,0,0,0,35,0,0,0,0,35
540.0,0,0,0,20,61,0,0,0,0,25,0,0,0,0,37,0,0,0,0,37,0,0,0,0,36,0,0,0,0,37,0,0,0,0,35,0,0,0,0,35,0,0,0,0,35
550.0,0,0,0,20,61,0,0,0,0,25,0,0,0,0,37,0,0,0,0,37,0,0,0,0,36,0,0,0,0,36,0,0,0,0,35,0,0,0,0,35,0,0,0,0,35
560.0,0,0,0,20,62,0,0,0,0,26,0,0,0,0,36,0,0,0,0,34,0,0,0,0,35,0,0,0,0,36,0,0,0,0,34,0,0,0,0,35,0,0,0,0,35
570.0,0,0,0,20,62,0,0,0,0,25,0,0,0,0,36,0,0,0,0,34,0,0,0,0,35,0,0,0,0,36,0,0,0,0,35,0,0,0,0,34,0,0,0,0,34
580.0,0,0,0,20,62,0,0,0,0,25,0,0,0,0,35,0,0,0,0,34,0,0,0,0,35,0,0,0,0,36,0,0,0,0,35,0,0,0,0,34,0,0,0,0,34
590.0,0,0,0,20,62,0,0,0,0,25,0,0,0,0,35,0,0,0,0,34,0,0,0,0,35,0,0,0,0,35,0,0,0,0,35,0,0,0,0,35,0,0,0,0,34
600.0,0,0,0,19,62,0,0,0,0,25,0,0,0,0,35,0,0,0,0,33,0,0,0,0,35,0,0,0,0,35,0,0,0,0,35,0,0,0,0,35,0,0,0,0,33
610.0,0,0,0,19,63,0,0,0,0,25,0,0,0,0,35,0,0,0,0,33,0,0,0,0,35,0,0,0,0,35,0,0,0,0,34,0,0,0,0,34,0,0,0,0,34
620.0,0,0,0,19,63,0,0,0,0,25,0,0,0,0,35,0,0,0,0,33,0,0,0,0,35,0,0,0,0,35,0,0,0,0,34,0,0,0,0,34,0,0,0,0,34
630.0,0,0,0,19,63,0,0,0,0,24,0,0,0,0,35,0,0,0,0,33,0,0,0,0,35,0,0,0,0,35,0,0,0,0,34,0,0,0,0,34,0,0,0,0,34
640.0,0,0,0,19,63,0,0,0,0,24,0,0,0,0,35,0,0,0,0,33,0,0,0,0,35,0,0,0,0,33,0,0,0,0,34,0,0,0,0,34,0,0,0,0,33
650.0,0,0,0,19,64,0,0,0,0,24,0,0,0,0,35,0,0,0,0,32,0,0,0,0,34,0,0,0,0,33,0,0,0,0,34,0,0,0,0,33,0,0,0,0,33
660.0,0,0,0,18,64,0,0,0,0,24,0,0,0,0,34,0,0,0,0,32,0,0,0,0,34,0,0,0,0,33,0,0,0,0,33,0,0,0,0,32,0,0,0,0,33
670.0,0,0,0,18,64,0,0,0,0,24,0,0,0,0,34,0,0,0,0,32,0,0,0,0,34,0,0,0,0,32,0,0,0,0,33,0,0,0,0,32,0,0,0,0,33
680.0,0,0,0,17,54,0,0,0,0,23,0,0,0,0,35,0,0,0,0,31,0,0,0,0,34,0,0,0,0,32,0,0,0,0,33,0,0,0,0,32,0,0,0,0,32
690.0,0,0,0,17,65,0,0,0,0,23,0,0,0,0,35,0,0,0,0,31,0,0,0,0,33,0,0,0,0,32,0,0,0,0,31,0,0,0,0,32,0,0,0,0,32
700.0,0,0,0,17,17,0,0,0,0,23,0,0,0,0,35,0,0,0,0,31,0,0,0,0,29,0,0,0,0,32,0,0,0,0,30,0,0,0,0,31,0,0,0,0,32
